strain	bam_path
BRC20530	/vast/eande106/data/transfer/raw/20240606_PacBio/BRC20530/PACBIO_DATA/XEAND_20240524_R84050_PL10901-001_1-1-D01_bc2014-bc2014.hifi_reads.bam
ECA1286	/vast/eande106/data/transfer/raw/20240606_PacBio/ECA1286/PACBIO_DATA/XEAND_20240524_R84050_PL10903-001_1-1-D01_bc2016-bc2016.hifi_reads.bam
ECA1693	/vast/eande106/data/transfer/raw/20240606_PacBio/ECA1693/PACBIO_DATA/XEAND_20240524_R84050_PL10908-001_1-1-D01_bc2021-bc2021.hifi_reads.bam
ECA2581	/vast/eande106/data/transfer/raw/20240606_PacBio/ECA2581/PACBIO_DATA/XEAND_20240524_R84050_PL10906-001_1-1-D01_bc2019-bc2019.hifi_reads.bam
ECA2607	/vast/eande106/data/transfer/raw/20240606_PacBio/ECA2607/PACBIO_DATA/XEAND_20240524_R84050_PL10900-001_1-1-D01_bc2013-bc2013.hifi_reads.bam
ECA2621	/vast/eande106/data/transfer/raw/20240606_PacBio/ECA2621/PACBIO_DATA/XEAND_20240524_R84050_PL10907-001_1-1-D01_bc2020-bc2020.hifi_reads.bam
ECA3733	/vast/eande106/data/transfer/raw/20240606_PacBio/ECA3733/PACBIO_DATA/XEAND_20240524_R84050_PL10899-001_1-1-D01_bc2012-bc2012.hifi_reads.bam
ECA923	/vast/eande106/data/transfer/raw/20240606_PacBio/ECA923/PACBIO_DATA/XEAND_20240524_R84050_PL10914-001_1-1-D01_bc2027-bc2027.hifi_reads.bam
ED3049	/vast/eande106/data/transfer/raw/20240606_PacBio/ED3049/PACBIO_DATA/XEAND_20240524_R84050_PL10905-001_1-1-D01_bc2018-bc2018.hifi_reads.bam
ED3073	/vast/eande106/data/transfer/raw/20240606_PacBio/ED3073/PACBIO_DATA/XEAND_20240524_R84050_PL10918-001_1-1-D01_bc2031-bc2031.hifi_reads.bam
JU1409	/vast/eande106/data/transfer/raw/20240606_PacBio/JU1409/PACBIO_DATA/XEAND_20240524_R84050_PL10909-001_1-1-D01_bc2022-bc2022.hifi_reads.bam
JU1581	/vast/eande106/data/transfer/raw/20240606_PacBio/JU1581/PACBIO_DATA/XEAND_20240524_R84050_PL10910-001_1-1-D01_bc2023-bc2023.hifi_reads.bam
JU1632	/vast/eande106/data/transfer/raw/20240606_PacBio/JU1632/PACBIO_DATA/XEAND_20240524_R84050_PL10919-001_1-1-D01_bc2032-bc2032.hifi_reads.bam
JU258	/vast/eande106/data/transfer/raw/20240606_PacBio/JU258/PACBIO_DATA/XEAND_20240524_R84050_PL10897-001_1-1-D01_bc2010-bc2010.hifi_reads.bam
JU2829	/vast/eande106/data/transfer/raw/20240606_PacBio/JU2829/PACBIO_DATA/XEAND_20240524_R84050_PL10915-001_1-1-D01_bc2028-bc2028.hifi_reads.bam
JU310	/vast/eande106/data/transfer/raw/20240606_PacBio/JU310/PACBIO_DATA/XEAND_20240524_R84050_PL10902-001_1-1-D01_bc2015-bc2015.hifi_reads.bam
MY2147	/vast/eande106/data/transfer/raw/20240606_PacBio/MY2147/PACBIO_DATA/XEAND_20240524_R84050_PL10912-001_1-1-D01_bc2025-bc2025.hifi_reads.bam
NIC2	/vast/eande106/data/transfer/raw/20240606_PacBio/NIC2/PACBIO_DATA/XEAND_20240524_R84050_PL10898-001_1-1-D01_bc2011-bc2011.hifi_reads.bam
QG3521	/vast/eande106/data/transfer/raw/20240606_PacBio/QG3521/PACBIO_DATA/XEAND_20240524_R84050_PL10911-001_1-1-D01_bc2024-bc2024.hifi_reads.bam
QG3661	/vast/eande106/data/transfer/raw/20240606_PacBio/QG3661/PACBIO_DATA/XEAND_20240524_R84050_PL10904-001_1-1-D01_bc2017-bc2017.hifi_reads.bam
QG4026	/vast/eande106/data/transfer/raw/20240606_PacBio/QG4026/PACBIO_DATA/XEAND_20240524_R84050_PL10913-001_1-1-D01_bc2026-bc2026.hifi_reads.bam
QG834	/vast/eande106/data/transfer/raw/20240606_PacBio/QG834/PACBIO_DATA/XEAND_20240524_R84050_PL10917-001_1-1-D01_bc2030-bc2030.hifi_reads.bam
TWN2530	/vast/eande106/data/transfer/raw/20240606_PacBio/TWN2530/PACBIO_DATA/XEAND_20240524_R84050_PL10896-001_1-1-D01_bc2009-bc2009.hifi_reads.bam
XZ1515	/vast/eande106/data/transfer/raw/20240606_PacBio/XZ1515/PACBIO_DATA/XEAND_20240524_R84050_PL10916-001_1-1-D01_bc2029-bc2029.hifi_reads.bam
CB4856	/vast/eande106/data/transfer/raw/20241106_PacBio/CB4856/PACBIO_DATA/XEAND_20241022_R84050_PL16173-001_1-1-D01_bc2055-bc2055.hifi_reads.bam
ECA1185	/vast/eande106/data/transfer/raw/20241106_PacBio/ECA1185/PACBIO_DATA/XEAND_20241022_R84050_PL16166-001_1-1-D01_bc2048-bc2048.hifi_reads.bam
ECA1761	/vast/eande106/data/transfer/raw/20241106_PacBio/ECA1761/PACBIO_DATA/XEAND_20241022_R84050_PL16169-001_1-1-D01_bc2051-bc2051.hifi_reads.bam
ECA1887	/vast/eande106/data/transfer/raw/20241106_PacBio/ECA1887_4_1/PACBIO_DATA/XEAND_20241022_R84050_PL15744-001_1-1-D01_bc2042-bc2042.hifi_reads.bam
ED3017	/vast/eande106/data/transfer/raw/20241106_PacBio/ED3017/PACBIO_DATA/XEAND_20241022_R84050_PL16172-001_1-1-D01_bc2054-bc2054.hifi_reads.bam
JU2001	/vast/eande106/data/transfer/raw/20241106_PacBio/JU2001/PACBIO_DATA/XEAND_20241022_R84050_PL16164-001_1-1-D01_bc2046-bc2046.hifi_reads.bam
JU3202	/vast/eande106/data/transfer/raw/20241106_PacBio/JU3202_10/PACBIO_DATA/XEAND_20241022_R84050_PL15747-001_1-1-D01_bc2043-bc2043.hifi_reads.bam
JU3207	/vast/eande106/data/transfer/raw/20241106_PacBio/JU3207_test/PACBIO_DATA/XEAND_20241022_R84050_PL15749-001_1-1-D01_bc2044-bc2044.hifi_reads.bam
JU346	/vast/eande106/data/transfer/raw/20241106_PacBio/JU346_4_2/PACBIO_DATA/XEAND_20241022_R84050_PL15743-001_1-1-D01_bc2041-bc2041.hifi_reads.bam
JU440	/vast/eande106/data/transfer/raw/20241106_PacBio/JU440/PACBIO_DATA/XEAND_20241022_R84050_PL16171-001_1-1-D01_bc2053-bc2053.hifi_reads.bam
NIC1119	/vast/eande106/data/transfer/raw/20241106_PacBio/NIC1119/PACBIO_DATA/XEAND_20241022_R84050_PL16170-001_1-1-D01_bc2052-bc2052.hifi_reads.bam
NIC1810	/vast/eande106/data/transfer/raw/20241106_PacBio/NIC1810/PACBIO_DATA/XEAND_20241022_R84050_PL16167-001_1-1-D01_bc2049-bc2049.hifi_reads.bam
NIC1	/vast/eande106/data/transfer/raw/20241106_PacBio/NIC1/PACBIO_DATA/XEAND_20241022_R84050_PL16165-001_1-1-D01_bc2047-bc2047.hifi_reads.bam
QG2964	/vast/eande106/data/transfer/raw/20241106_PacBio/QG2964/PACBIO_DATA/XEAND_20241022_R84050_PL16168-001_1-1-D01_bc2050-bc2050.hifi_reads.bam
WN2001	/vast/eande106/data/transfer/raw/20241106_PacBio/WN2001/PACBIO_DATA/XEAND_20241022_R84050_PL16163-001_1-1-D01_bc2045-bc2045.hifi_reads.bam
CB4852	/vast/eande106/data/transfer/raw/20241126_PacBio/CB4852_3_24H/PACBIO_DATA/XEAND_20241120_R84050_PL17157-001_1-1-C01_bc2062-bc2062.hifi_reads.bam
ECA1187	/vast/eande106/data/transfer/raw/20241126_PacBio/ECA1187/PACBIO_DATA/XEAND_20241120_R84050_PL16318-001_1-1-C01_bc2031-bc2031.hifi_reads.bam
ECA1195	/vast/eande106/data/transfer/raw/20241126_PacBio/ECA1195/PACBIO_DATA/XEAND_20241120_R84050_PL16312-001_1-1-C01_bc2026-bc2026.hifi_reads.bam
ECA1208	/vast/eande106/data/transfer/raw/20241126_PacBio/ECA1208/PACBIO_DATA/XEAND_20241120_R84050_PL16324-001_1-1-C01_bc2060-bc2060.hifi_reads.bam
ECA1237	/vast/eande106/data/transfer/raw/20241126_PacBio/ECA1237/PACBIO_DATA/XEAND_20241120_R84050_PL16315-001_1-1-C01_bc2028-bc2028.hifi_reads.bam
ECA1255	/vast/eande106/data/transfer/raw/20241126_PacBio/ECA1255/PACBIO_DATA/XEAND_20241120_R84050_PL16311-001_1-1-C01_bc2025-bc2025.hifi_reads.bam
ECA1769	/vast/eande106/data/transfer/raw/20241126_PacBio/ECA1769/PACBIO_DATA/XEAND_20241120_R84050_PL16313-001_1-1-C01_bc2027-bc2027.hifi_reads.bam
ECA36	/vast/eande106/data/transfer/raw/20241126_PacBio/ECA36/PACBIO_DATA/XEAND_20241120_R84050_PL16325-001_1-1-C01_bc2061-bc2061.hifi_reads.bam
ECA3898	/vast/eande106/data/transfer/raw/20241126_PacBio/ECA3898/PACBIO_DATA/XEAND_20241120_R84050_PL16319-001_1-1-C01_bc2032-bc2032.hifi_reads.bam
JU1630	/vast/eande106/data/transfer/raw/20241126_PacBio/JU1630/PACBIO_DATA/XEAND_20241120_R84050_PL16316-001_1-1-C01_bc2029-bc2029.hifi_reads.bam
JU394	/vast/eande106/data/transfer/raw/20241126_PacBio/JU394_4/PACBIO_DATA/XEAND_20241120_R84050_PL17159-001_1-1-C01_bc2063-bc2063.hifi_reads.bam
MY10	/vast/eande106/data/transfer/raw/20241126_PacBio/MY10/PACBIO_DATA/XEAND_20241120_R84050_PL16317-001_1-1-C01_bc2030-bc2030.hifi_reads.bam
NIC957	/vast/eande106/data/transfer/raw/20241126_PacBio/NIC957_20241001/PACBIO_DATA/XEAND_20241120_R84050_PL16323-001_1-1-C01_bc2059-bc2059.hifi_reads.bam
PX179	/vast/eande106/data/transfer/raw/20241126_PacBio/PX179_4/PACBIO_DATA/XEAND_20241120_R84050_PL17160-001_1-1-C01_bc2064-bc2064.hifi_reads.bam
QG3800	/vast/eande106/data/transfer/raw/20241126_PacBio/QG3800/PACBIO_DATA/XEAND_20241120_R84050_PL16322-001_1-1-C01_bc2058-bc2058.hifi_reads.bam
QX1791	/vast/eande106/data/transfer/raw/20241126_PacBio/QX1791/PACBIO_DATA/XEAND_20241120_R84050_PL16321-001_1-1-C01_bc2057-bc2057.hifi_reads.bam
BRC20530	/vast/eande106/data/transfer/raw/20250107_PacBio/BRC20530_20241024/PACBIO_DATA/XEAND_20241218_R84050_PL16682-001_1-1-D01_bc2007-bc2007.hifi_reads.bam
CX11314	/vast/eande106/data/transfer/raw/20250107_PacBio/CX11314/PACBIO_DATA/XEAND_20241218_R84050_PL17513-001_1-1-D01_bc2011-bc2011.hifi_reads.bam
ECA1202	/vast/eande106/data/transfer/raw/20250107_PacBio/ECA1202/PACBIO_DATA/XEAND_20241218_R84050_PL16685-001_1-1-D01_bc2008-bc2008.hifi_reads.bam
ECA1260	/vast/eande106/data/transfer/raw/20250107_PacBio/ECA1260_20241114/PACBIO_DATA/XEAND_20241218_R84050_PL17516-001_1-1-D01_bc2014-bc2014.hifi_reads.bam
ECA2299	/vast/eande106/data/transfer/raw/20250107_PacBio/ECA2299_20241114/PACBIO_DATA/XEAND_20241218_R84050_PL17515-001_1-1-D01_bc2013-bc2013.hifi_reads.bam
ECA2621	/vast/eande106/data/transfer/raw/20250107_PacBio/ECA2621_2/PACBIO_DATA/XEAND_20241218_R84050_PL17514-001_1-1-D01_bc2012-bc2012.hifi_reads.bam
JT11398	/vast/eande106/data/transfer/raw/20250107_PacBio/JT11398_20241024/PACBIO_DATA/XEAND_20241218_R84050_PL16681-001_1-1-D01_bc2006-bc2006.hifi_reads.bam
JU1409	/vast/eande106/data/transfer/raw/20250107_PacBio/JU1409_2/PACBIO_DATA/XEAND_20241218_R84050_PL17517-001_1-1-D01_bc2015-bc2015.hifi_reads.bam
JU775	/vast/eande106/data/transfer/raw/20250107_PacBio/JU775/PACBIO_DATA/XEAND_20241218_R84050_PL16674-001_1-1-D01_bc2001-bc2001.hifi_reads.bam
MY16	/vast/eande106/data/transfer/raw/20250107_PacBio/MY16/PACBIO_DATA/XEAND_20241218_R84050_PL16678-001_1-1-D01_bc2004-bc2004.hifi_reads.bam
MY1	/vast/eande106/data/transfer/raw/20250107_PacBio/MY1/PACBIO_DATA/XEAND_20241218_R84050_PL16688-001_1-1-D01_bc2009-bc2009.hifi_reads.bam
NIC1667	/vast/eande106/data/transfer/raw/20250107_PacBio/NIC1667/PACBIO_DATA/XEAND_20241218_R84050_PL16677-001_1-1-D01_bc2003-bc2003.hifi_reads.bam
NIC526	/vast/eande106/data/transfer/raw/20250107_PacBio/NIC526_2/PACBIO_DATA/XEAND_20241218_R84050_PL17518-001_1-1-D01_bc2016-bc2016.hifi_reads.bam
PB306	/vast/eande106/data/transfer/raw/20250107_PacBio/PB306/PACBIO_DATA/XEAND_20241218_R84050_PL16689-001_1-1-D01_bc2010-bc2010.hifi_reads.bam
QG4097	/vast/eande106/data/transfer/raw/20250107_PacBio/QG4097/PACBIO_DATA/XEAND_20241218_R84050_PL16680-001_1-1-D01_bc2005-bc2005.hifi_reads.bam
AB1	/vast/eande106/data/transfer/raw/20250214_PacBio/AB1/PACBIO_DATA/XEAND_20250214_R84050_PL19562-001_1-1-D01_bc2081-bc2081.hifi_reads.bam
CX11254	/vast/eande106/data/transfer/raw/20250214_PacBio/CX11254_20250130/PACBIO_DATA/XEAND_20250214_R84050_PL19576-001_1-1-D01_bc2095-bc2095.hifi_reads.bam
CX11264	/vast/eande106/data/transfer/raw/20250214_PacBio/CX11264/PACBIO_DATA/XEAND_20250214_R84050_PL18434-001_1-1-A01_bc2073-bc2073.hifi_reads.bam
DF5152	/vast/eande106/data/transfer/raw/20250214_PacBio/DF5152_20250130/PACBIO_DATA/XEAND_20250214_R84050_PL19578-001_1-1-A01_bc2080-bc2080.hifi_reads.bam
DL238	/vast/eande106/data/transfer/raw/20250214_PacBio/DL238_20250130/PACBIO_DATA/XEAND_20250214_R84050_PL19569-001_1-1-D01_bc2088-bc2088.hifi_reads.bam
ECA1243	/vast/eande106/data/transfer/raw/20250214_PacBio/ECA1243/PACBIO_DATA/XEAND_20250214_R84050_PL19573-001_1-1-D01_bc2092-bc2092.hifi_reads.bam
ECA1286	/vast/eande106/data/transfer/raw/20250214_PacBio/ECA1286_20250115/PACBIO_DATA/XEAND_20250214_R84050_PL18427-001_1-1-A01_bc2066-bc2066.hifi_reads.bam
ECA1409	/vast/eande106/data/transfer/raw/20250214_PacBio/ECA1409_20250130/PACBIO_DATA/XEAND_20250214_R84050_PL19564-001_1-1-D01_bc2083-bc2083.hifi_reads.bam
ECA1693	/vast/eande106/data/transfer/raw/20250214_PacBio/ECA1693_20250115/PACBIO_DATA/XEAND_20250214_R84050_PL18428-001_1-1-A01_bc2067-bc2067.hifi_reads.bam
ECA1825	/vast/eande106/data/transfer/raw/20250214_PacBio/ECA1825/PACBIO_DATA/XEAND_20250214_R84050_PL18429-001_1-1-A01_bc2068-bc2068.hifi_reads.bam
ECA2111	/vast/eande106/data/transfer/raw/20250214_PacBio/ECA2111/PACBIO_DATA/XEAND_20250214_R84050_PL18430-001_1-1-A01_bc2069-bc2069.hifi_reads.bam
ECA2581	/vast/eande106/data/transfer/raw/20250214_PacBio/ECA2581_20250130/PACBIO_DATA/XEAND_20250214_R84050_PL19570-001_1-1-D01_bc2089-bc2089.hifi_reads.bam
ECA594	/vast/eande106/data/transfer/raw/20250214_PacBio/ECA594/PACBIO_DATA/XEAND_20250214_R84050_PL19566-001_1-1-D01_bc2085-bc2085.hifi_reads.bam
ECA703	/vast/eande106/data/transfer/raw/20250214_PacBio/ECA703_20250130/PACBIO_DATA/XEAND_20250214_R84050_PL19571-001_1-1-D01_bc2090-bc2090.hifi_reads.bam
ECA768	/vast/eande106/data/transfer/raw/20250214_PacBio/ECA768/PACBIO_DATA/XEAND_20250214_R84050_PL18435-001_1-1-A01_bc2074-bc2074.hifi_reads.bam
ECA923	/vast/eande106/data/transfer/raw/20250214_PacBio/ECA923_20250115/PACBIO_DATA/XEAND_20250214_R84050_PL18431-001_1-1-A01_bc2070-bc2070.hifi_reads.bam
ED3049	/vast/eande106/data/transfer/raw/20250214_PacBio/ED3049_20250115/PACBIO_DATA/XEAND_20250214_R84050_PL18440-001_1-1-A01_bc2079-bc2079.hifi_reads.bam
EG4725	/vast/eande106/data/transfer/raw/20250214_PacBio/EG4725_20250130/PACBIO_DATA/XEAND_20250214_R84050_PL19567-001_1-1-D01_bc2086-bc2086.hifi_reads.bam
JU1400	/vast/eande106/data/transfer/raw/20250214_PacBio/JU1400/PACBIO_DATA/XEAND_20250214_R84050_PL19575-001_1-1-D01_bc2094-bc2094.hifi_reads.bam
JU2526	/vast/eande106/data/transfer/raw/20250214_PacBio/JU2526/PACBIO_DATA/XEAND_20250214_R84050_PL18432-001_1-1-A01_bc2071-bc2071.hifi_reads.bam
JU2600	/vast/eande106/data/transfer/raw/20250214_PacBio/JU2600/PACBIO_DATA/XEAND_20250214_R84050_PL18437-001_1-1-A01_bc2076-bc2076.hifi_reads.bam
JU2829	/vast/eande106/data/transfer/raw/20250214_PacBio/JU2829_20250115/PACBIO_DATA/XEAND_20250214_R84050_PL18433-001_1-1-A01_bc2072-bc2072.hifi_reads.bam
JU2841	/vast/eande106/data/transfer/raw/20250214_PacBio/JU2841/PACBIO_DATA/XEAND_20250214_R84050_PL19565-001_1-1-D01_bc2084-bc2084.hifi_reads.bam
JU310	/vast/eande106/data/transfer/raw/20250214_PacBio/JU310_20250115/PACBIO_DATA/XEAND_20250214_R84050_PL18426-001_1-1-A01_bc2065-bc2065.hifi_reads.bam
JU311	/vast/eande106/data/transfer/raw/20250214_PacBio/JU311/PACBIO_DATA/XEAND_20250214_R84050_PL19563-001_1-1-D01_bc2082-bc2082.hifi_reads.bam
JU3128	/vast/eande106/data/transfer/raw/20250214_PacBio/JU3128_20250130/PACBIO_DATA/XEAND_20250214_R84050_PL19574-001_1-1-D01_bc2093-bc2093.hifi_reads.bam
JU3166	/vast/eande106/data/transfer/raw/20250214_PacBio/JU3166/PACBIO_DATA/XEAND_20250214_R84050_PL18438-001_1-1-A01_bc2077-bc2077.hifi_reads.bam
JU782	/vast/eande106/data/transfer/raw/20250214_PacBio/JU782_20250130/PACBIO_DATA/XEAND_20250214_R84050_PL19568-001_1-1-D01_bc2087-bc2087.hifi_reads.bam
MY2693	/vast/eande106/data/transfer/raw/20250214_PacBio/MY2693_20250130/PACBIO_DATA/XEAND_20250214_R84050_PL19577-001_1-1-D01_bc2096-bc2096.hifi_reads.bam
NIC1775	/vast/eande106/data/transfer/raw/20250214_PacBio/NIC1775/PACBIO_DATA/XEAND_20250214_R84050_PL18439-001_1-1-A01_bc2078-bc2078.hifi_reads.bam
NIC1790	/vast/eande106/data/transfer/raw/20250214_PacBio/NIC1790/PACBIO_DATA/XEAND_20250214_R84050_PL18436-001_1-1-A01_bc2075-bc2075.hifi_reads.bam
NIC259	/vast/eande106/data/transfer/raw/20250214_PacBio/NIC259/PACBIO_DATA/XEAND_20250214_R84050_PL19572-001_1-1-D01_bc2091-bc2091.hifi_reads.bam
DF5152	/vast/eande106/data/transfer/raw/PacBio_101124/DF5152_pellet/PACBIO_DATA/XEAND_20241002_R84050_PL14478-001_1-1-C01_bc2034-bc2034.hifi_reads.bam
ECA1657	/vast/eande106/data/transfer/raw/PacBio_101124/ECA1657_pellet/PACBIO_DATA/XEAND_20241002_R84050_PL14491-001_1-1-C01_bc2047-bc2047.hifi_reads.bam
ECA211	/vast/eande106/data/transfer/raw/PacBio_101124/ECA211_pellet/PACBIO_DATA/XEAND_20241002_R84050_PL14477-001_1-1-C01_bc2033-bc2033.hifi_reads.bam
ECA276	/vast/eande106/data/transfer/raw/PacBio_101124/ECA276_pellet/PACBIO_DATA/XEAND_20241002_R84050_PL14492-001_1-1-C01_bc2048-bc2048.hifi_reads.bam
ECA3733	/vast/eande106/data/transfer/raw/PacBio_101124/ECA3733_pellet/PACBIO_DATA/XEAND_20241002_R84050_PL14479-001_1-1-C01_bc2035-bc2035.hifi_reads.bam
ECA3889	/vast/eande106/data/transfer/raw/PacBio_101124/ECA3889_pellet/PACBIO_DATA/XEAND_20241002_R84050_PL14485-001_1-1-C01_bc2041-bc2041.hifi_reads.bam
ED3102	/vast/eande106/data/transfer/raw/PacBio_101124/ED3102_pellet/PACBIO_DATA/XEAND_20241002_R84050_PL14490-001_1-1-C01_bc2046-bc2046.hifi_reads.bam
JU1419	/vast/eande106/data/transfer/raw/PacBio_101124/JU1419_pellet/PACBIO_DATA/XEAND_20241002_R84050_PL14480-001_1-1-C01_bc2036-bc2036.hifi_reads.bam
JU1420	/vast/eande106/data/transfer/raw/PacBio_101124/JU1420_pellet/PACBIO_DATA/XEAND_20241002_R84050_PL14481-001_1-1-C01_bc2037-bc2037.hifi_reads.bam
JU1422	/vast/eande106/data/transfer/raw/PacBio_101124/JU1422_pellet/PACBIO_DATA/XEAND_20241002_R84050_PL14483-001_1-1-C01_bc2039-bc2039.hifi_reads.bam
JU2484	/vast/eande106/data/transfer/raw/PacBio_101124/JU2484_pellet/PACBIO_DATA/XEAND_20241002_R84050_PL14482-001_1-1-C01_bc2038-bc2038.hifi_reads.bam
NIC1593	/vast/eande106/data/transfer/raw/PacBio_101124/NIC1593_pellet/PACBIO_DATA/XEAND_20241002_R84050_PL14489-001_1-1-C01_bc2045-bc2045.hifi_reads.bam
NIC2152	/vast/eande106/data/transfer/raw/PacBio_101124/NIC2152_pellet/PACBIO_DATA/XEAND_20241002_R84050_PL14484-001_1-1-C01_bc2040-bc2040.hifi_reads.bam
QG2902	/vast/eande106/data/transfer/raw/PacBio_101124/QG2902_pellet/PACBIO_DATA/XEAND_20241002_R84050_PL14486-001_1-1-C01_bc2042-bc2042.hifi_reads.bam
QG588	/vast/eande106/data/transfer/raw/PacBio_101124/QG588_pellet/PACBIO_DATA/XEAND_20241002_R84050_PL14487-001_1-1-C01_bc2043-bc2043.hifi_reads.bam
QG791	/vast/eande106/data/transfer/raw/PacBio_101124/QG791_pellet/PACBIO_DATA/XEAND_20241002_R84050_PL14488-001_1-1-C01_bc2044-bc2044.hifi_reads.bam
TWN1824	/vast/eande106/data/transfer/raw/20230608_PacBio/bc2017--bc2017/m54333U_230608_054353.bc2017--bc2017.bam
QX1796	/vast/eande106/data/transfer/raw/20230608_PacBio/bc2025--bc2025/m54333U_230608_054353.bc2025--bc2025.bam
ECA176	/vast/eande106/data/transfer/raw/20230608_PacBio/bc2033--bc2033/m54333U_230608_054353.bc2033--bc2033.bam
ECA2670	/vast/eande106/data/transfer/raw/20230608_PacBio/bc2041--bc2041/m54333U_230608_054353.bc2041--bc2041.bam
XZ1516	/vast/eande106/data/transfer/raw/20230608_PacBio/bc2049--bc2049/m54333U_230608_054353.bc2049--bc2049.bam
QG4021	/vast/eande106/data/transfer/raw/20230608_PacBio/bc2057--bc2057/m54333U_230608_054353.bc2057--bc2057.bam
QX1794	/vast/eande106/data/transfer/raw/20230608_PacBio/bc2065--bc2065/m54333U_230608_054353.bc2065--bc2065.bam
ECA738	/vast/eande106/data/transfer/raw/20230608_PacBio/bc2073--bc2073/m54333U_230608_054353.bc2073--bc2073.bam
JU775	/vast/eande106/data/transfer/raw/20240722_PacBio_redownload/hifi_reads/m84165_240703_182409_s3.hifi_reads.bc2001.bam
WN2001	/vast/eande106/data/transfer/raw/20240722_PacBio_redownload/hifi_reads/m84165_240703_182409_s3.hifi_reads.bc2002.bam
JU2001	/vast/eande106/data/transfer/raw/20240722_PacBio_redownload/hifi_reads/m84165_240703_182409_s3.hifi_reads.bc2003.bam
NIC1	/vast/eande106/data/transfer/raw/20240722_PacBio_redownload/hifi_reads/m84165_240703_182409_s3.hifi_reads.bc2004.bam
ECA1185	/vast/eande106/data/transfer/raw/20240722_PacBio_redownload/hifi_reads/m84165_240703_182409_s3.hifi_reads.bc2005.bam
NIC1810	/vast/eande106/data/transfer/raw/20240722_PacBio_redownload/hifi_reads/m84165_240703_182409_s3.hifi_reads.bc2006.bam
QG2964	/vast/eande106/data/transfer/raw/20240722_PacBio_redownload/hifi_reads/m84165_240703_182409_s3.hifi_reads.bc2007.bam
ECA1761	/vast/eande106/data/transfer/raw/20240722_PacBio_redownload/hifi_reads/m84165_240703_182409_s3.hifi_reads.bc2008.bam
NIC1119	/vast/eande106/data/transfer/raw/20240722_PacBio_redownload/hifi_reads/m84165_240703_182409_s3.hifi_reads.bc2009.bam
JU440	/vast/eande106/data/transfer/raw/20240722_PacBio_redownload/hifi_reads/m84165_240703_182409_s3.hifi_reads.bc2010.bam
ED3017	/vast/eande106/data/transfer/raw/20240722_PacBio_redownload/hifi_reads/m84165_240703_182409_s3.hifi_reads.bc2011.bam
CB4856	/vast/eande106/data/transfer/raw/20240722_PacBio_redownload/hifi_reads/m84165_240703_182409_s3.hifi_reads.bc2012.bam
QG2892	/vast/eande106/data/transfer/raw/20240722_PacBio_redownload/hifi_reads/m84165_240703_182409_s3.hifi_reads.bc2014.bam
NIC526	/vast/eande106/data/transfer/raw/20240722_PacBio_redownload/hifi_reads/m84165_240703_182409_s3.hifi_reads.bc2015.bam
QG4018	/vast/eande106/data/transfer/raw/20240722_PacBio_redownload/hifi_reads/m84165_240703_182409_s3.hifi_reads.bc2016.bam
NIC1529	/vast/eande106/data/transfer/raw/20240722_PacBio_redownload/hifi_reads/m84165_240703_182409_s3.hifi_reads.bc2017.bam
BRC20075	/vast/eande106/data/transfer/raw/20240722_PacBio_redownload/hifi_reads/m84165_240703_182409_s3.hifi_reads.bc2018.bam
ECA3889	/vast/eande106/data/transfer/raw/20240722_PacBio_redownload/hifi_reads/m84165_240703_182409_s3.hifi_reads.bc2019.bam
ECA2676	/vast/eande106/data/transfer/raw/20240722_PacBio_redownload/hifi_reads/m84165_240703_182409_s3.hifi_reads.bc2020.bam
MY16	/vast/eande106/data/transfer/raw/20240722_PacBio_redownload/hifi_reads/m84165_240703_182409_s3.hifi_reads.bc2021.bam
ECA594	/vast/eande106/data/transfer/raw/20240722_PacBio_redownload/hifi_reads/m84165_240703_182409_s3.hifi_reads.bc2022.bam
ECA790	/vast/eande106/data/transfer/raw/20240722_PacBio_redownload/hifi_reads/m84165_240703_182409_s3.hifi_reads.bc2023.bam
JU2841	/vast/eande106/data/transfer/raw/20240722_PacBio_redownload/hifi_reads/m84165_240703_182409_s3.hifi_reads.bc2024.bam
QG786	/vast/eande106/data/transfer/raw/20240816_PacBio/outputs/demultiplexing_files/bc2025--bc2025/m84165_240805_172532_s4.hifi_reads.bc2025--bc2025.bam
JU2536	/vast/eande106/data/transfer/raw/20240816_PacBio/outputs/demultiplexing_files/bc2026--bc2026/m84165_240805_172532_s4.hifi_reads.bc2026--bc2026.bam
QG3856	/vast/eande106/data/transfer/raw/20240816_PacBio/outputs/demultiplexing_files/bc2027--bc2027/m84165_240805_172532_s4.hifi_reads.bc2027--bc2027.bam
QG4232	/vast/eande106/data/transfer/raw/20240816_PacBio/outputs/demultiplexing_files/bc2028--bc2028/m84165_240805_172532_s4.hifi_reads.bc2028--bc2028.bam
BRC20239	/vast/eande106/data/transfer/raw/20240816_PacBio/outputs/demultiplexing_files/bc2029--bc2029/m84165_240805_172532_s4.hifi_reads.bc2029--bc2029.bam
JU1634	/vast/eande106/data/transfer/raw/20240816_PacBio/outputs/demultiplexing_files/bc2030--bc2030/m84165_240805_172532_s4.hifi_reads.bc2030--bc2030.bam
NIC1790	/vast/eande106/data/transfer/raw/20240816_PacBio/outputs/demultiplexing_files/bc2031--bc2031/m84165_240805_172532_s4.hifi_reads.bc2031--bc2031.bam
ECA396	/vast/eande106/data/transfer/raw/20240816_PacBio/outputs/demultiplexing_files/bc2032--bc2032/m84165_240805_172532_s4.hifi_reads.bc2032--bc2032.bam
MY23	/vast/eande106/data/transfer/raw/20240816_PacBio/outputs/demultiplexing_files/bc2033--bc2033/m84165_240805_172532_s4.hifi_reads.bc2033--bc2033.bam
NIC827	/vast/eande106/data/transfer/raw/20240816_PacBio/outputs/demultiplexing_files/bc2034--bc2034/m84165_240805_172532_s4.hifi_reads.bc2034--bc2034.bam
QG4031	/vast/eande106/data/transfer/raw/20240816_PacBio/outputs/demultiplexing_files/bc2035--bc2035/m84165_240805_172532_s4.hifi_reads.bc2035--bc2035.bam
JU1348	/vast/eande106/data/transfer/raw/20240816_PacBio/outputs/demultiplexing_files/bc2036--bc2036/m84165_240805_172532_s4.hifi_reads.bc2036--bc2036.bam
JU3166	/vast/eande106/data/transfer/raw/20240816_PacBio/outputs/demultiplexing_files/bc2037--bc2037/m84165_240805_172532_s4.hifi_reads.bc2037--bc2037.bam
QG1005	/vast/eande106/data/transfer/raw/20240816_PacBio/outputs/demultiplexing_files/bc2038--bc2038/m84165_240805_172532_s4.hifi_reads.bc2038--bc2038.bam
ECA768	/vast/eande106/data/transfer/raw/20240816_PacBio/outputs/demultiplexing_files/bc2039--bc2039/m84165_240805_172532_s4.hifi_reads.bc2039--bc2039.bam
XZ1513	/vast/eande106/data/transfer/raw/20240816_PacBio/outputs/demultiplexing_files/bc2040--bc2040/m84165_240805_172532_s4.hifi_reads.bc2040--bc2040.bam
CX11264	/vast/eande106/data/transfer/raw/20240816_PacBio/outputs/demultiplexing_files/bc2041--bc2041/m84165_240805_172532_s4.hifi_reads.bc2041--bc2041.bam
BRC20324	/vast/eande106/data/transfer/raw/20240816_PacBio/outputs/demultiplexing_files/bc2042--bc2042/m84165_240805_172532_s4.hifi_reads.bc2042--bc2042.bam
JU2526	/vast/eande106/data/transfer/raw/20240816_PacBio/outputs/demultiplexing_files/bc2043--bc2043/m84165_240805_172532_s4.hifi_reads.bc2043--bc2043.bam
NIC1775	/vast/eande106/data/transfer/raw/20240816_PacBio/outputs/demultiplexing_files/bc2044--bc2044/m84165_240805_172532_s4.hifi_reads.bc2044--bc2044.bam
JU2600	/vast/eande106/data/transfer/raw/20240816_PacBio/outputs/demultiplexing_files/bc2045--bc2045/m84165_240805_172532_s4.hifi_reads.bc2045--bc2045.bam
ECA1825	/vast/eande106/data/transfer/raw/20240816_PacBio/outputs/demultiplexing_files/bc2046--bc2046/m84165_240805_172532_s4.hifi_reads.bc2046--bc2046.bam
ECA163	/vast/eande106/data/transfer/raw/20240816_PacBio/outputs/demultiplexing_files/bc2047--bc2047/m84165_240805_172532_s4.hifi_reads.bc2047--bc2047.bam
BRC20246	/vast/eande106/data/transfer/raw/20240816_PacBio/outputs/demultiplexing_files/bc2048--bc2048/m84165_240805_172532_s4.hifi_reads.bc2048--bc2048.bam
BRC20341	/vast/eande106/data/transfer/raw/20220920_PacBio/50892/BRC20341--bc1003.bam
BRC20492	/vast/eande106/data/transfer/raw/20220920_PacBio/50891/BRC20492--bc1011.bam
ECA1307	/vast/eande106/data/transfer/raw/20220920_PacBio/50892/ECA1307--bc1008.bam
ECA1518	/vast/eande106/data/transfer/raw/20220920_PacBio/50891/ECA1518--bc1009.bam
ECA1599	/vast/eande106/data/transfer/raw/20220920_PacBio/50891/ECA1599--bc1010.bam
ECA2617	/vast/eande106/data/transfer/raw/20220920_PacBio/50891/ECA2617--bc1008.bam
ECA2666	/vast/eande106/data/transfer/raw/20220920_PacBio/50891/ECA2666--bc1003.bam
ECA2852	/vast/eande106/data/transfer/raw/20220920_PacBio/50892/ECA2852--bc1011.bam
ECA2857	/vast/eande106/data/transfer/raw/20220920_PacBio/50892/ECA2857--bc1012.bam
ECA797	/vast/eande106/data/transfer/raw/20220920_PacBio/50893/ECA797--bc1018.bam
JU1373	/vast/eande106/data/transfer/raw/20220920_PacBio/50893/JU1373--bc1019.bam
JU1418	/vast/eande106/data/transfer/raw/20220920_PacBio/50892/JU1418--bc1015.bam
JU2617	/vast/eande106/data/transfer/raw/20220920_PacBio/50892/JU2617--bc1016.bam
JU2909	/vast/eande106/data/transfer/raw/20220920_PacBio/50892/JU2909--bc1017.bam
JU3200	/vast/eande106/data/transfer/raw/20220920_PacBio/50891/JU3200--bc1002.bam
JU3237	/vast/eande106/data/transfer/raw/20220920_PacBio/50891/JU3237--bc1001.bam
MY681	/vast/eande106/data/transfer/raw/20220920_PacBio/50893/MY681--bc1015.bam
NIC1529	/vast/eande106/data/transfer/raw/20220920_PacBio/50893/NIC1529--bc1016.bam
NIC1594	/vast/eande106/data/transfer/raw/20220920_PacBio/50893/NIC1594--bc1020.bam
NIC1649	/vast/eande106/data/transfer/raw/20220920_PacBio/50893/NIC1649--bc1009.bam
NIC1660	/vast/eande106/data/transfer/raw/20220920_PacBio/50893/NIC1660--bc1017.bam
NIC2143	/vast/eande106/data/transfer/raw/20220920_PacBio/50891/NIC2143--bc1016.bam
NIC2150	/vast/eande106/data/transfer/raw/20220920_PacBio/50891/NIC2150--bc1015.bam
NIC491	/vast/eande106/data/transfer/raw/20220920_PacBio/50893/NIC491--bc1010.bam
NIC58	/vast/eande106/data/transfer/raw/20220920_PacBio/50893/NIC58--bc1011.bam
NIC975	/vast/eande106/data/transfer/raw/20220920_PacBio/50892/NIC975--bc1018.bam
QG1004	/vast/eande106/data/transfer/raw/20220920_PacBio/50892/QG1004--bc1010.bam
QG2899	/vast/eande106/data/transfer/raw/20220920_PacBio/50892/QG2899--bc1009.bam
QG4132	/vast/eande106/data/transfer/raw/20220920_PacBio/50893/QG4132--bc1012.bam
QX1410	/vast/eande106/data/transfer/raw/20220920_PacBio/50893/QX1410--bc1003.bam
VX153	/vast/eande106/data/transfer/raw/20220920_PacBio/50891/VX153--bc1012.bam
VX34	/vast/eande106/data/transfer/raw/20220920_PacBio/50893/VX34--bc1008.bam
LKC34	/vast/eande106/data/transfer/raw/20241106_PacBio/LKC34/PACBIO_DATA/XEAND_20241022_R84050_PL16174-001_1-1-D01_bc2056-bc2056.hifi_reads.bam
ECA1889	/vast/eande106/data/transfer/raw/20250305_PacBio/ECA1889/PACBIO_DATA/XEAND_20250305_R84050_PL19800-001_1-1-A01_bc2039-bc2039.hifi_reads.bam
ECA2081	/vast/eande106/data/transfer/raw/20250305_PacBio/ECA2081/PACBIO_DATA/XEAND_20250305_R84050_PL19795-001_1-1-A01_bc2034-bc2034.hifi_reads.bam
ECA2281	/vast/eande106/data/transfer/raw/20250305_PacBio/ECA2281/PACBIO_DATA/XEAND_20250305_R84050_PL19788-001_1-1-A01_bc2027-bc2027.hifi_reads.bam
ECA2336	/vast/eande106/data/transfer/raw/20250305_PacBio/ECA2336/PACBIO_DATA/XEAND_20250305_R84050_PL19798-001_1-1-A01_bc2037-bc2037.hifi_reads.bam
ECA2417	/vast/eande106/data/transfer/raw/20250305_PacBio/ECA2417/PACBIO_DATA/XEAND_20250305_R84050_PL19793-001_1-1-A01_bc2032-bc2032.hifi_reads.bam
ECA250	/vast/eande106/data/transfer/raw/20250305_PacBio/ECA250/PACBIO_DATA/XEAND_20250305_R84050_PL19787-001_1-1-A01_bc2026-bc2026.hifi_reads.bam
ECA2607	/vast/eande106/data/transfer/raw/20250305_PacBio/ECA2607_20250211/PACBIO_DATA/XEAND_20250305_R84050_PL19791-001_1-1-A01_bc2030-bc2030.hifi_reads.bam
ECA706	/vast/eande106/data/transfer/raw/20250305_PacBio/ECA706_20250211/PACBIO_DATA/XEAND_20250305_R84050_PL19789-001_1-1-A01_bc2028-bc2028.hifi_reads.bam
ECA722	/vast/eande106/data/transfer/raw/20250305_PacBio/ECA722/PACBIO_DATA/XEAND_20250305_R84050_PL19801-001_1-1-A01_bc2040-bc2040.hifi_reads.bam
ECA730	/vast/eande106/data/transfer/raw/20250305_PacBio/ECA730/PACBIO_DATA/XEAND_20250305_R84050_PL19794-001_1-1-A01_bc2033-bc2033.hifi_reads.bam
ECA742	/vast/eande106/data/transfer/raw/20250305_PacBio/ECA742/PACBIO_DATA/XEAND_20250305_R84050_PL19790-001_1-1-A01_bc2029-bc2029.hifi_reads.bam
NIC1792	/vast/eande106/data/transfer/raw/20250305_PacBio/NIC1792_20250211/PACBIO_DATA/XEAND_20250305_R84050_PL19786-001_1-1-A01_bc2025-bc2025.hifi_reads.bam
NIC199	/vast/eande106/data/transfer/raw/20250305_PacBio/NIC199/PACBIO_DATA/XEAND_20250305_R84050_PL19796-001_1-1-A01_bc2035-bc2035.hifi_reads.bam
WN2082	/vast/eande106/data/transfer/raw/20250305_PacBio/WN2082/PACBIO_DATA/XEAND_20250305_R84050_PL19792-001_1-1-A01_bc2031-bc2031.hifi_reads.bam
XZ1513	/vast/eande106/data/transfer/raw/20250305_PacBio/XZ1513/PACBIO_DATA/XEAND_20250305_R84050_PL19797-001_1-1-A01_bc2036-bc2036.hifi_reads.bam
XZ1515	/vast/eande106/data/transfer/raw/20250305_PacBio/XZ1515_20250211/PACBIO_DATA/XEAND_20250305_R84050_PL19799-001_1-1-A01_bc2038-bc2038.hifi_reads.bam
ECA1413	/vast/eande106/data/transfer/raw/20250314_PacBio/ECA1413/PACBIO_DATA/XEAND_20250314_R84050_PL20002-001_1-1-A01_bc2084-bc2084.hifi_reads.bam
ECA1725	/vast/eande106/data/transfer/raw/20250314_PacBio/ECA1725/PACBIO_DATA/XEAND_20250314_R84050_PL20001-001_1-1-A01_bc2083-bc2083.hifi_reads.bam
ECA1751	/vast/eande106/data/transfer/raw/20250314_PacBio/ECA1751/PACBIO_DATA/XEAND_20250314_R84050_PL19997-001_1-1-A01_bc2079-bc2079.hifi_reads.bam
ECA1757	/vast/eande106/data/transfer/raw/20250314_PacBio/ECA1757/PACBIO_DATA/XEAND_20250314_R84050_PL19995-001_1-1-A01_bc2077-bc2077.hifi_reads.bam
ECA1851	/vast/eande106/data/transfer/raw/20250314_PacBio/ECA1851/PACBIO_DATA/XEAND_20250314_R84050_PL20003-001_1-1-A01_bc2085-bc2085.hifi_reads.bam
ECA1997	/vast/eande106/data/transfer/raw/20250314_PacBio/ECA1997/PACBIO_DATA/XEAND_20250314_R84050_PL20004-001_1-1-A01_bc2086-bc2086.hifi_reads.bam
ECA2187	/vast/eande106/data/transfer/raw/20250314_PacBio/ECA2187_20250228/PACBIO_DATA/XEAND_20250314_R84050_PL20000-001_1-1-A01_bc2082-bc2082.hifi_reads.bam
ECA2377	/vast/eande106/data/transfer/raw/20250314_PacBio/ECA2377_20250228/PACBIO_DATA/XEAND_20250314_R84050_PL19996-001_1-1-A01_bc2078-bc2078.hifi_reads.bam
ECA2473	/vast/eande106/data/transfer/raw/20250314_PacBio/ECA2473/PACBIO_DATA/XEAND_20250314_R84050_PL20005-001_1-1-A01_bc2087-bc2087.hifi_reads.bam
ECA251	/vast/eande106/data/transfer/raw/20250314_PacBio/ECA251/PACBIO_DATA/XEAND_20250314_R84050_PL20006-001_1-1-A01_bc2088-bc2088.hifi_reads.bam
ECA2529	/vast/eande106/data/transfer/raw/20250314_PacBio/ECA2529/PACBIO_DATA/XEAND_20250314_R84050_PL19998-001_1-1-A01_bc2080-bc2080.hifi_reads.bam
ECA2676	/vast/eande106/data/transfer/raw/20250314_PacBio/ECA2676/PACBIO_DATA/XEAND_20250314_R84050_PL19993-001_1-1-A01_bc2075-bc2075.hifi_reads.bam
JU3282	/vast/eande106/data/transfer/raw/20250314_PacBio/JU3282/PACBIO_DATA/XEAND_20250314_R84050_PL19991-001_1-1-A01_bc2073-bc2073.hifi_reads.bam
MY2212	/vast/eande106/data/transfer/raw/20250314_PacBio/MY2212/PACBIO_DATA/XEAND_20250314_R84050_PL19994-001_1-1-A01_bc2076-bc2076.hifi_reads.bam
NIC195	/vast/eande106/data/transfer/raw/20250314_PacBio/NIC195/PACBIO_DATA/XEAND_20250314_R84050_PL19999-001_1-1-A01_bc2081-bc2081.hifi_reads.bam
QG4018	/vast/eande106/data/transfer/raw/20250314_PacBio/QG4018/PACBIO_DATA/XEAND_20250314_R84050_PL19992-001_1-1-A01_bc2074-bc2074.hifi_reads.bam
ECA1657	/vast/eande106/data/transfer/raw/20250326_PacBio/ECA1657/PACBIO_DATA/XEAND_20250326_R84050_PL20021-001_1-1-A01_bc2055-bc2055.hifi_reads.bam
ECA191	/vast/eande106/data/transfer/raw/20250326_PacBio/ECA191/PACBIO_DATA/XEAND_20250326_R84050_PL20010-001_1-1-A01_bc2044-bc2044.hifi_reads.bam
ECA1943	/vast/eande106/data/transfer/raw/20250326_PacBio/ECA1943/PACBIO_DATA/XEAND_20250326_R84050_PL20009-001_1-1-A01_bc2043-bc2043.hifi_reads.bam
ECA248	/vast/eande106/data/transfer/raw/20250326_PacBio/ECA248/PACBIO_DATA/XEAND_20250326_R84050_PL20007-001_1-1-A01_bc2041-bc2041.hifi_reads.bam
ECA276	/vast/eande106/data/transfer/raw/20250326_PacBio/ECA276_20250228/PACBIO_DATA/XEAND_20250326_R84050_PL20013-001_1-1-A01_bc2047-bc2047.hifi_reads.bam
ECA369	/vast/eande106/data/transfer/raw/20250326_PacBio/ECA369_20250228/PACBIO_DATA/XEAND_20250326_R84050_PL20011-001_1-1-A01_bc2045-bc2045.hifi_reads.bam
EG6180	/vast/eande106/data/transfer/raw/20250326_PacBio/EG6180/PACBIO_DATA/XEAND_20250326_R84050_PL20022-001_1-1-A01_bc2056-bc2056.hifi_reads.bam
EG6267	/vast/eande106/data/transfer/raw/20250326_PacBio/EG6267_20250228/PACBIO_DATA/XEAND_20250326_R84050_PL20014-001_1-1-A01_bc2048-bc2048.hifi_reads.bam
NIC125	/vast/eande106/data/transfer/raw/20250326_PacBio/NIC125/PACBIO_DATA/XEAND_20250326_R84050_PL20015-001_1-1-A01_bc2049-bc2049.hifi_reads.bam
QG2641	/vast/eande106/data/transfer/raw/20250326_PacBio/QG2641_20250228/PACBIO_DATA/XEAND_20250326_R84050_PL20019-001_1-1-A01_bc2053-bc2053.hifi_reads.bam
QG2665	/vast/eande106/data/transfer/raw/20250326_PacBio/QG2665_20250228/PACBIO_DATA/XEAND_20250326_R84050_PL20016-001_1-1-A01_bc2050-bc2050.hifi_reads.bam
QG2892	/vast/eande106/data/transfer/raw/20250326_PacBio/QG2892/PACBIO_DATA/XEAND_20250326_R84050_PL20017-001_1-1-A01_bc2051-bc2051.hifi_reads.bam
QG3521	/vast/eande106/data/transfer/raw/20250326_PacBio/QG3521_20250228/PACBIO_DATA/XEAND_20250326_R84050_PL20020-001_1-1-A01_bc2054-bc2054.hifi_reads.bam
QG3790	/vast/eande106/data/transfer/raw/20250326_PacBio/QG3790/PACBIO_DATA/XEAND_20250326_R84050_PL20018-001_1-1-A01_bc2052-bc2052.hifi_reads.bam
QG4031	/vast/eande106/data/transfer/raw/20250326_PacBio/QG4031/PACBIO_DATA/XEAND_20250326_R84050_PL20012-001_1-1-A01_bc2046-bc2046.hifi_reads.bam
WN2117	/vast/eande106/data/transfer/raw/20250326_PacBio/WN2117/PACBIO_DATA/XEAND_20250326_R84050_PL20008-001_1-1-A01_bc2042-bc2042.hifi_reads.bam
ECA2555	/vast/eande106/data/transfer/raw/20250609_PacBio/ECA2555_20250505/PACBIO_DATA/XEAND_20250530_R84050_PL22317-001_1-1-A01_bc2110-bc2110.hifi_reads.bam
ECA2561	/vast/eande106/data/transfer/raw/20250609_PacBio/ECA2561/PACBIO_DATA/XEAND_20250530_R84050_PL21544-001_1-1-A01_bc2097-bc2097.hifi_reads.bam
ECA2565	/vast/eande106/data/transfer/raw/20250609_PacBio/ECA2565/PACBIO_DATA/XEAND_20250530_R84050_PL21545-001_1-1-A01_bc2098-bc2098.hifi_reads.bam
ECA3890	/vast/eande106/data/transfer/raw/20250609_PacBio/ECA3890_20250415/PACBIO_DATA/XEAND_20250530_R84050_PL21551-001_1-1-A01_bc2103-bc2103.hifi_reads.bam
ECA723	/vast/eande106/data/transfer/raw/20250609_PacBio/ECA723_20250505/PACBIO_DATA/XEAND_20250530_R84050_PL22319-001_1-1-A01_bc2112-bc2112.hifi_reads.bam
JU2484	/vast/eande106/data/transfer/raw/20250609_PacBio/JU2484_20250415/PACBIO_DATA/XEAND_20250530_R84050_PL21556-001_1-1-A01_bc2106-bc2106.hifi_reads.bam
NIC1606	/vast/eande106/data/transfer/raw/20250609_PacBio/NIC1606_20250505/PACBIO_DATA/XEAND_20250530_R84050_PL22318-001_1-1-A01_bc2111-bc2111.hifi_reads.bam
NIC827	/vast/eande106/data/transfer/raw/20250609_PacBio/NIC827/PACBIO_DATA/XEAND_20250530_R84050_PL21550-001_1-1-A01_bc2102-bc2102.hifi_reads.bam
NIC85	/vast/eande106/data/transfer/raw/20250609_PacBio/NIC85_20250505/PACBIO_DATA/XEAND_20250530_R84050_PL22316-001_1-1-A01_bc2109-bc2109.hifi_reads.bam
NIC96	/vast/eande106/data/transfer/raw/20250609_PacBio/NIC96_20250415/PACBIO_DATA/XEAND_20250530_R84050_PL21555-001_1-1-A01_bc2105-bc2105.hifi_reads.bam
QG3661	/vast/eande106/data/transfer/raw/20250609_PacBio/QG3661_22050415/PACBIO_DATA/XEAND_20250530_R84050_PL21548-001_1-1-A01_bc2100-bc2100.hifi_reads.bam
QG4026	/vast/eande106/data/transfer/raw/20250609_PacBio/QG4026_20250415/PACBIO_DATA/XEAND_20250530_R84050_PL21549-001_1-1-A01_bc2101-bc2101.hifi_reads.bam
QG4232	/vast/eande106/data/transfer/raw/20250609_PacBio/QG4232/PACBIO_DATA/XEAND_20250530_R84050_PL21557-001_1-1-A01_bc2107-bc2107.hifi_reads.bam
QG834	/vast/eande106/data/transfer/raw/20250609_PacBio/QG834_20250505/PACBIO_DATA/XEAND_20250530_R84050_PL22315-001_1-1-A01_bc2108-bc2108.hifi_reads.bam
TWN2530	/vast/eande106/data/transfer/raw/20250609_PacBio/TWN2530_20250415/PACBIO_DATA/XEAND_20250530_R84050_PL21546-001_1-1-A01_bc2099-bc2099.hifi_reads.bam
VX151	/vast/eande106/data/transfer/raw/20250609_PacBio/VX151/PACBIO_DATA/XEAND_20250530_R84050_PL21552-001_1-1-A01_bc2104-bc2104.hifi_reads.bam
ECA1885	/vast/eande106/data/transfer/raw/20250610_PacBio/ECA1885/PACBIO_DATA/XEAND_20250610_R84050_PL22477-001_1-1-B01_bc2114-bc2114.hifi_reads.bam
ECA2109	/vast/eande106/data/transfer/raw/20250610_PacBio/ECA2109/PACBIO_DATA/XEAND_20250610_R84050_PL22479-001_1-1-B01_bc2116-bc2116.hifi_reads.bam
ECA2151	/vast/eande106/data/transfer/raw/20250610_PacBio/ECA2151/PACBIO_DATA/XEAND_20250610_R84050_PL22489-001_1-1-B01_bc2126-bc2126.hifi_reads.bam
ECA2367	/vast/eande106/data/transfer/raw/20250610_PacBio/ECA2367/PACBIO_DATA/XEAND_20250610_R84050_PL22488-001_1-1-B01_bc2125-bc2125.hifi_reads.bam
ECA2452	/vast/eande106/data/transfer/raw/20250610_PacBio/ECA2452/PACBIO_DATA/XEAND_20250610_R84050_PL22320-001_1-1-B01_bc2113-bc2113.hifi_reads.bam
ECA2948	/vast/eande106/data/transfer/raw/20250610_PacBio/ECA2948/PACBIO_DATA/XEAND_20250610_R84050_PL22487-001_1-1-B01_bc2124-bc2124.hifi_reads.bam
ECA2968	/vast/eande106/data/transfer/raw/20250610_PacBio/ECA2968/PACBIO_DATA/XEAND_20250610_R84050_PL22486-001_1-1-B01_bc2123-bc2123.hifi_reads.bam
ECA3005	/vast/eande106/data/transfer/raw/20250610_PacBio/ECA3005/PACBIO_DATA/XEAND_20250610_R84050_PL22485-001_1-1-B01_bc2122-bc2122.hifi_reads.bam
ECA3012	/vast/eande106/data/transfer/raw/20250610_PacBio/ECA3012/PACBIO_DATA/XEAND_20250610_R84050_PL22484-001_1-1-B01_bc2121-bc2121.hifi_reads.bam
ECA3025	/vast/eande106/data/transfer/raw/20250610_PacBio/ECA3025/PACBIO_DATA/XEAND_20250610_R84050_PL22480-001_1-1-B01_bc2117-bc2117.hifi_reads.bam
ECA3035	/vast/eande106/data/transfer/raw/20250610_PacBio/ECA3035/PACBIO_DATA/XEAND_20250610_R84050_PL22482-001_1-1-B01_bc2119-bc2119.hifi_reads.bam
ECA2948	/vast/eande106/data/transfer/raw/20250610_PacBio/ECA3038/PACBIO_DATA/XEAND_20250610_R84050_PL22483-001_1-1-B01_bc2120-bc2120.hifi_reads.bam
ECA3088	/vast/eande106/data/transfer/raw/20250610_PacBio/ECA3088/PACBIO_DATA/XEAND_20250610_R84050_PL22481-001_1-1-B01_bc2118-bc2118.hifi_reads.bam
ECA347	/vast/eande106/data/transfer/raw/20250610_PacBio/ECA347/PACBIO_DATA/XEAND_20250610_R84050_PL22478-001_1-1-B01_bc2115-bc2115.hifi_reads.bam
JU2909	/vast/eande106/data/transfer/raw/20250610_PacBio/JU2909/PACBIO_DATA/XEAND_20250610_R84050_PL22491-001_1-1-B01_bc2128-bc2128.hifi_reads.bam
PB420	/vast/eande106/data/transfer/raw/20250610_PacBio/PB420/PACBIO_DATA/XEAND_20250610_R84050_PL22490-001_1-1-B01_bc2127-bc2127.hifi_reads.bam
DF5152	/vast/eande106/data/transfer/raw/20250706_PacBio/DF5152_20250605/PACBIO_DATA/XEAND_20250627_R84050_PL23013-001_1-1-C01_bc2190-bc2190.hifi_reads.bam
ECA1186	/vast/eande106/data/transfer/raw/20250706_PacBio/ECA1186/PACBIO_DATA/XEAND_20250627_R84050_PL23011-001_1-1-C01_bc2188-bc2188.hifi_reads.bam
ECA1228	/vast/eande106/data/transfer/raw/20250706_PacBio/ECA1228/PACBIO_DATA/XEAND_20250627_R84050_PL23001-001_1-1-C01_bc2178-bc2178.hifi_reads.bam
ECA1287	/vast/eande106/data/transfer/raw/20250706_PacBio/ECA1287/PACBIO_DATA/XEAND_20250627_R84050_PL23007-001_1-1-C01_bc2184-bc2184.hifi_reads.bam
ECA1493	/vast/eande106/data/transfer/raw/20250706_PacBio/ECA1493/PACBIO_DATA/XEAND_20250627_R84050_PL23002-001_1-1-C01_bc2179-bc2179.hifi_reads.bam
ECA1843	/vast/eande106/data/transfer/raw/20250706_PacBio/ECA1843/PACBIO_DATA/XEAND_20250627_R84050_PL23005-001_1-1-C01_bc2182-bc2182.hifi_reads.bam
ECA2199	/vast/eande106/data/transfer/raw/20250706_PacBio/ECA2199/PACBIO_DATA/XEAND_20250627_R84050_PL23003-001_1-1-C01_bc2180-bc2180.hifi_reads.bam
ECA276	/vast/eande106/data/transfer/raw/20250706_PacBio/ECA276_20250605/PACBIO_DATA/XEAND_20250627_R84050_PL23012-001_1-1-C01_bc2189-bc2189.hifi_reads.bam
ECA2888	/vast/eande106/data/transfer/raw/20250706_PacBio/ECA2888/PACBIO_DATA/XEAND_20250627_R84050_PL23004-001_1-1-C01_bc2181-bc2181.hifi_reads.bam
ECA2949	/vast/eande106/data/transfer/raw/20250706_PacBio/ECA2949/PACBIO_DATA/XEAND_20250627_R84050_PL23008-001_1-1-C01_bc2185-bc2185.hifi_reads.bam
ECA2952	/vast/eande106/data/transfer/raw/20250706_PacBio/ECA2952/PACBIO_DATA/XEAND_20250627_R84050_PL23000-001_1-1-C01_bc2177-bc2177.hifi_reads.bam
JU1420	/vast/eande106/data/transfer/raw/20250706_PacBio/JU1420_20250605/PACBIO_DATA/XEAND_20250627_R84050_PL23014-001_1-1-C01_bc2191-bc2191.hifi_reads.bam
NIC1052	/vast/eande106/data/transfer/raw/20250706_PacBio/NIC1052_20250605/PACBIO_DATA/XEAND_20250627_R84050_PL23015-001_1-1-C01_bc2192-bc2192.hifi_reads.bam
NIC248	/vast/eande106/data/transfer/raw/20250706_PacBio/NIC248/PACBIO_DATA/XEAND_20250627_R84050_PL23009-001_1-1-C01_bc2186-bc2186.hifi_reads.bam
QG2919	/vast/eande106/data/transfer/raw/20250706_PacBio/QG2919/PACBIO_DATA/XEAND_20250627_R84050_PL23010-001_1-1-C01_bc2187-bc2187.hifi_reads.bam
RC301	/vast/eande106/data/transfer/raw/20250706_PacBio/RC301/PACBIO_DATA/XEAND_20250627_R84050_PL23006-001_1-1-C01_bc2183-bc2183.hifi_reads.bam
BRC20246	/vast/eande106/data/transfer/raw/20250827_PacBio/BRC20246/PACBIO_DATA/XEAND_20250827_R84050_PL24012-001_1-1-D01_bc2087-bc2087.hifi_reads.bam
JU4058	/vast/eande106/data/transfer/raw/20250827_PacBio/BRC20388/PACBIO_DATA/XEAND_20250827_R84050_PL24017-001_1-1-D01_bc2092-bc2092.hifi_reads.bam
ECA1174	/vast/eande106/data/transfer/raw/20250827_PacBio/ECA1174_20250731/PACBIO_DATA/XEAND_20250827_R84050_PL24010-001_1-1-D01_bc2085-bc2085.hifi_reads.bam
ECA2291	/vast/eande106/data/transfer/raw/20250827_PacBio/ECA2291/PACBIO_DATA/XEAND_20250827_R84050_PL24014-001_1-1-D01_bc2089-bc2089.hifi_reads.bam
ECA701	/vast/eande106/data/transfer/raw/20250827_PacBio/ECA701/PACBIO_DATA/XEAND_20250827_R84050_PL24016-001_1-1-D01_bc2091-bc2091.hifi_reads.bam
ECA790	/vast/eande106/data/transfer/raw/20250827_PacBio/ECA790/PACBIO_DATA/XEAND_20250827_R84050_PL24007-001_1-1-D01_bc2082-bc2082.hifi_reads.bam
ECA796	/vast/eande106/data/transfer/raw/20250827_PacBio/ECA796/PACBIO_DATA/XEAND_20250827_R84050_PL24008-001_1-1-D01_bc2083-bc2083.hifi_reads.bam
EG6271	/vast/eande106/data/transfer/raw/20250827_PacBio/EG6271/PACBIO_DATA/XEAND_20250827_R84050_PL24015-001_1-1-D01_bc2090-bc2090.hifi_reads.bam
JU1341	/vast/eande106/data/transfer/raw/20250827_PacBio/JU1341/PACBIO_DATA/XEAND_20250827_R84050_PL24013-001_1-1-D01_bc2088-bc2088.hifi_reads.bam
JU1564	/vast/eande106/data/transfer/raw/20250827_PacBio/JU1564/PACBIO_DATA/XEAND_20250827_R84050_PL24020-001_1-1-D01_bc2095-bc2095.hifi_reads.bam
JU1632	/vast/eande106/data/transfer/raw/20250827_PacBio/JU1632_20250731/PACBIO_DATA/XEAND_20250827_R84050_PL24006-001_1-1-D01_bc2081-bc2081.hifi_reads.bam
JU3416	/vast/eande106/data/transfer/raw/20250827_PacBio/JU3416/PACBIO_DATA/XEAND_20250827_R84050_PL24011-001_1-1-D01_bc2086-bc2086.hifi_reads.bam
BRC20388	/vast/eande106/data/transfer/raw/20250827_PacBio/JU4058/PACBIO_DATA/XEAND_20250827_R84050_PL24018-001_1-1-D01_bc2093-bc2093.hifi_reads.bam
NIC1656	/vast/eande106/data/transfer/raw/20250827_PacBio/NIC1656/PACBIO_DATA/XEAND_20250827_R84050_PL24019-001_1-1-D01_bc2094-bc2094.hifi_reads.bam
PE887	/vast/eande106/data/transfer/raw/20250827_PacBio/PE887_20250731/PACBIO_DATA/XEAND_20250827_R84050_PL24009-001_1-1-D01_bc2084-bc2084.hifi_reads.bam
QG5652	/vast/eande106/data/transfer/raw/20250827_PacBio/QG5652/PACBIO_DATA/XEAND_20250827_R84050_PL24021-001_1-1-D01_bc2096-bc2096.hifi_reads.bam
ECA1493	/vast/eande106/data/c_elegans/genomes/nanopore_data/ECA1493.fastq.gz
JU3226	/vast/eande106/data/c_elegans/genomes/nanopore_data/JU3226.fastq.gz
ECA741	/vast/eande106/data/transfer/raw/Stefan_Ce_HiFi/m84066_240411_223505_s2.hifi_reads.bc2064.ECA741.hifi_reads.bam
